{
  "package": {
    "code": "0000",
    "data": {
      "sizeMap": {
        "7507": "42.48MB",
        "7631": "42.51MB<span class=\"arrow-up\"> + 22.18KB 0.05%</span>",
        "7679": "42.50MB<span class=\"arrow-down\"> - 4.84KB 0.01%</span>",
        "7685": "42.50MB<span class=\"arrow-up\"> + 4.50KB 0.01%</span>",
        "7718": "42.51MB<span class=\"arrow-up\"> + 8.70KB 0.01%</span>"
      },
      "jenkinsHost": "172.19.80.11",
      "buildStatusEnumerMap": {
        "7507": {
          "code": 1,
          "style": "info",
          "desc": "成功"
        },
        "7631": {
          "code": 1,
          "style": "info",
          "desc": "成功"
        },
        "7679": {
          "code": 1,
          "style": "info",
          "desc": "成功"
        },
        "7685": {
          "code": 1,
          "style": "info",
          "desc": "成功"
        },
        "7718": {
          "code": 1,
          "style": "info",
          "desc": "成功"
        }
      },
      "dataMap": {
        "7507": "2017-12-15 16:44:17",
        "7631": "2017-12-19 18:18:04",
        "7679": "2017-12-20 13:32:02",
        "7685": "2017-12-20 15:48:48",
        "7718": "2017-12-21 13:54:33"
      },
      "expectedPackageTypeEnumer": {
        "typeCode": "other",
        "typeStyle": "default",
        "displayText": "显示所有包"
      },
      "commentMap": {},
      "packageList": [
        {
          "packagePath": "/wls/data/packagepool/BuildAndroid_package/1513836181416",
          "app": "陆金所",
          "jobStatus": 1,
          "channel": "lufaxkuaijie",
          "buildId": 1698,
          "during": 448395,
          "jenkinsUrl": "http://lujs.cn/mobile/jenkins/job/BuildAndroid_package/1698/",
          "packageType": "regression",
          "checkResult": {
            "generalTestTime": "Thu Dec 21 14:05:05 CST 2017",
            "packageId": 7718,
            "generalTestInfo": "{\"status\":\"失败\",\"info\":[{\"actual\":\"大小：17.70MB<br>文件夹：229<br>文件：1167\",\"expected\":\"大小：17.00MB<br>文件夹：220<br>文件：1148\",\"name\":\"hybrid\",\"status\":\"成功\"},{\"actual\":\"android\",\"expected\":\"android\",\"name\":\"平台\",\"status\":\"成功\"},{\"actual\":\"5.0.7\",\"expected\":\"5.0.7\",\"name\":\"版本\",\"status\":\"成功\"},{\"actual\":\"未合\",\"expected\":\"已合\",\"name\":\"Reg_505是否已合\",\"status\":\"失败\"}]}",
            "channel": "Unknown",
            "packageVersion": "5.0.7",
            "generalTestStatus": -1,
            "signCheck": false,
            "packageSize": 44578501,
            "id": 6487,
            "smokeTestStatus": 0
          },
          "branch": "{\"parameters\":[{\"name\":\"android_branch\",\"value\":\"DEV_5.0.7\"},{\"name\":\"hybrid_branch\",\"value\":\"DEV_5.0.5\"},{\"name\":\"insurance_branch\",\"value\":\"DEV_5.0.7\"},{\"name\":\"fund_branch\",\"value\":\"DEV_5.0.5\"},{\"name\":\"stock_branch\",\"value\":\"DEV_5.0.5\"},{\"name\":\"version\",\"value\":\"5.0.7\"},{\"name\":\"buildType\",\"value\":\"release\"},{\"name\":\"channel\",\"value\":\"lufaxkuaijie\"},{\"name\":\"disable_fabric_upload\",\"value\":true},{\"name\":\"email_recipient\",\"value\":\"\"}]}",
          "version": "5.0.7",
          "platform": "android",
          "packageExists": true,
          "generalTestTime": "Thu Dec 21 14:05:05 CST 2017",
          "bu": "主APP",
          "gitInfo": "{\"branchInfo\":{\"revision\":{\"9b2e50dba7661712307763921af563d8b6e5050b\":{\"gitlabDomain\":\"http://gitlab.lujs.cn/\",\"projectPath\":\"mobile\",\"branchName\":\"origin/DEV_5.0.5\",\"remoteUrls\":\"git@172.19.14.64:mobile/android-fund.git\",\"projectName\":\"android-fund\"},\"b2eb841e43615aa24b0f12525d9ae330461a1289\":{\"gitlabDomain\":\"http://gitlab.lujs.cn/\",\"projectPath\":\"mobile\",\"branchName\":\"origin/DEV_5.0.5\",\"remoteUrls\":\"git@172.19.14.64:mobile/android-stock.git\",\"projectName\":\"android-stock\"},\"52e4813dc0b92cf0e12359cab5066fa7f29774d3\":{\"gitlabDomain\":\"http://gitlab.lujs.cn/\",\"projectPath\":\"lumi\",\"branchName\":\"origin/master\",\"remoteUrls\":\"git@172.19.14.64:lumi/m-lumi-web.git\",\"projectName\":\"m-lumi-web\"},\"02909c92f55e3e9d0a99fd5a79e62163fe491143\":{\"gitlabDomain\":\"http://gitlab.lujs.cn/\",\"projectPath\":\"mobile\",\"branchName\":\"origin/DEV_5.0.7\",\"remoteUrls\":\"git@172.19.14.64:mobile/android-insurance.git\",\"projectName\":\"android-insurance\"},\"d7db902538ee31e779800accd67e83322ffb46e3\":{\"gitlabDomain\":\"http://gitlab.lujs.cn/\",\"projectPath\":\"mobile\",\"branchName\":\"origin/DEV_5.0.7\",\"remoteUrls\":\"git@172.19.14.64:mobile/android.git\",\"projectName\":\"android\"},\"59310488d99858c20581cd4f415e0aca076cb1b2\":{\"gitlabDomain\":\"http://gitlab.lujs.cn/\",\"projectPath\":\"mobile\",\"branchName\":\"origin/DEV_5.0.5\",\"remoteUrls\":\"git@172.19.14.64:mobile/html5-hybrid.git\",\"projectName\":\"html5-hybrid\"}}},\"changeSet\":[{\"msg\":\"DEV_5.0.7：依赖治理，单品页、投资详情页跳转，M4100切换；陆米积分历史查询，M6120接口切换\",\"date\":\"2017-12-20 14:30:22\",\"author\":\"yanbin587\",\"commitId\":\"d55debdc6723ef910a7665cd644a7d4e7b50e734\",\"revision\":{\"gitlabDomain\":\"http://gitlab.lujs.cn/\",\"projectPath\":\"mobile\",\"branchName\":\"origin/DEV_5.0.7\",\"remoteUrls\":\"git@172.19.14.64:mobile/android.git\",\"projectName\":\"android\"}},{\"msg\":\"DEV_5.0.7：K1009本地客户端缓存\",\"date\":\"2017-12-20 14:51:36\",\"author\":\"yanbin587\",\"commitId\":\"d7db902538ee31e779800accd67e83322ffb46e3\",\"revision\":{\"gitlabDomain\":\"http://gitlab.lujs.cn/\",\"projectPath\":\"mobile\",\"branchName\":\"origin/DEV_5.0.7\",\"remoteUrls\":\"git@172.19.14.64:mobile/android.git\",\"projectName\":\"android\"}}]}",
          "createTime": "Thu Dec 21 13:54:33 CST 2017",
          "buildType": "release",
          "generalTest": true,
          "packageName": "lufax_lufaxkuaijie_5.0.7.apk",
          "id": 7718,
          "jobname": "BuildAndroid_package",
          "smokeTest": false
        },
        {
          "packagePath": "/wls/data/packagepool/BuildAndroid_package/1513756503225",
          "app": "陆金所",
          "jobStatus": 1,
          "channel": "lufaxkuaijie",
          "buildId": 1691,
          "during": 339879,
          "jenkinsUrl": "http://lujs.cn/mobile/jenkins/job/BuildAndroid_package/1691/",
          "packageType": "regression",
          "checkResult": {
            "generalTestTime": "Wed Dec 20 15:56:08 CST 2017",
            "packageId": 7685,
            "generalTestInfo": "{\"status\":\"成功\",\"info\":[{\"actual\":\"大小：17.70MB<br>文件夹：229<br>文件：1167\",\"expected\":\"大小：17.00MB<br>文件夹：220<br>文件：1148\",\"name\":\"hybrid\",\"status\":\"成功\"},{\"actual\":\"android\",\"expected\":\"android\",\"name\":\"平台\",\"status\":\"成功\"},{\"actual\":\"5.0.7\",\"expected\":\"5.0.7\",\"name\":\"版本\",\"status\":\"成功\"},{\"actual\":\"已合\",\"expected\":\"已合\",\"name\":\"DEV_5.0.4是否已合\",\"status\":\"成功\"}]}",
            "channel": "Unknown",
            "packageVersion": "5.0.7",
            "generalTestStatus": 2,
            "signCheck": false,
            "packageSize": 44569589,
            "id": 6463,
            "smokeTestStatus": 0
          },
          "branch": "{\"parameters\":[{\"name\":\"android_branch\",\"value\":\"FEA_5.0.5/FEA_5.0.5_APP_6937\"},{\"name\":\"hybrid_branch\",\"value\":\"DEV_5.0.5\"},{\"name\":\"insurance_branch\",\"value\":\"DEV_5.0.5\"},{\"name\":\"fund_branch\",\"value\":\"DEV_5.0.5\"},{\"name\":\"stock_branch\",\"value\":\"DEV_5.0.5\"},{\"name\":\"version\",\"value\":\"5.0.5\"},{\"name\":\"buildType\",\"value\":\"release\"},{\"name\":\"channel\",\"value\":\"lufaxkuaijie\"},{\"name\":\"disable_fabric_upload\",\"value\":true},{\"name\":\"email_recipient\",\"value\":\"\"},{\"name\":\"rebuild_hybrid\",\"value\":true}]}",
          "version": "5.0.7",
          "platform": "android",
          "packageExists": true,
          "generalTestTime": "Wed Dec 20 15:56:08 CST 2017",
          "bu": "主APP",
          "gitInfo": "{\"branchInfo\":{\"revision\":{\"b2eb841e43615aa24b0f12525d9ae330461a1289\":{\"gitlabDomain\":\"http://gitlab.lujs.cn/\",\"projectPath\":\"mobile\",\"branchName\":\"origin/DEV_5.0.5\",\"remoteUrls\":\"git@172.19.14.64:mobile/android-stock.git\",\"projectName\":\"android-stock\"},\"52e4813dc0b92cf0e12359cab5066fa7f29774d3\":{\"gitlabDomain\":\"http://gitlab.lujs.cn/\",\"projectPath\":\"lumi\",\"branchName\":\"origin/master\",\"remoteUrls\":\"git@172.19.14.64:lumi/m-lumi-web.git\",\"projectName\":\"m-lumi-web\"},\"3c45569aaf5de9f7d0df6163b5b67151c3eb3b2d\":{\"gitlabDomain\":\"http://gitlab.lujs.cn/\",\"projectPath\":\"mobile\",\"branchName\":\"origin/DEV_5.0.5\",\"remoteUrls\":\"git@172.19.14.64:mobile/android-insurance.git\",\"projectName\":\"android-insurance\"},\"0a0869a2b3cbc2303d9da422a2a1f6184ca8f493\":{\"gitlabDomain\":\"http://gitlab.lujs.cn/\",\"projectPath\":\"mobile\",\"branchName\":\"origin/DEV_5.0.5\",\"remoteUrls\":\"git@172.19.14.64:mobile/android-fund.git\",\"projectName\":\"android-fund\"},\"09f68872f04f67b37235c2bf26573d5aa1cf42e6\":{\"gitlabDomain\":\"http://gitlab.lujs.cn/\",\"projectPath\":\"mobile\",\"branchName\":\"refs/remotes/origin/FEA_5.0.5/FEA_5.0.5_APP_6937\",\"remoteUrls\":\"git@172.19.14.64:mobile/android.git\",\"projectName\":\"android\"},\"59310488d99858c20581cd4f415e0aca076cb1b2\":{\"gitlabDomain\":\"http://gitlab.lujs.cn/\",\"projectPath\":\"mobile\",\"branchName\":\"origin/DEV_5.0.5\",\"remoteUrls\":\"git@172.19.14.64:mobile/html5-hybrid.git\",\"projectName\":\"html5-hybrid\"}}},\"changeSet\":[{\"msg\":\"不在通讯录时给js回传空字符串\",\"date\":\"2017-12-20 15:45:12\",\"author\":\"liuxingwang\",\"commitId\":\"09f68872f04f67b37235c2bf26573d5aa1cf42e6\",\"revision\":{\"gitlabDomain\":\"http://gitlab.lujs.cn/\",\"projectPath\":\"mobile\",\"branchName\":\"refs/remotes/origin/FEA_5.0.5/FEA_5.0.5_APP_6937\",\"remoteUrls\":\"git@172.19.14.64:mobile/android.git\",\"projectName\":\"android\"}}]}",
          "createTime": "Wed Dec 20 15:48:48 CST 2017",
          "buildType": "release",
          "generalTest": true,
          "packageName": "lufax_lufaxkuaijie_5.0.7.apk",
          "id": 7685,
          "jobname": "BuildAndroid_package",
          "smokeTest": false
        },
        {
          "packagePath": "/wls/data/packagepool/BuildAndroid_package/1513748401940",
          "app": "陆金所",
          "jobStatus": 1,
          "channel": "lufaxkuaijie",
          "buildId": 1689,
          "during": 435059,
          "jenkinsUrl": "http://lujs.cn/mobile/jenkins/job/BuildAndroid_package/1689/",
          "packageType": "regression",
          "checkResult": {
            "generalTestTime": "Wed Dec 20 13:41:05 CST 2017",
            "packageId": 7679,
            "generalTestInfo": "{\"status\":\"成功\",\"info\":[{\"actual\":\"大小：17.70MB<br>文件夹：229<br>文件：1167\",\"expected\":\"大小：17.00MB<br>文件夹：220<br>文件：1148\",\"name\":\"hybrid\",\"status\":\"成功\"},{\"actual\":\"android\",\"expected\":\"android\",\"name\":\"平台\",\"status\":\"成功\"},{\"actual\":\"5.0.7\",\"expected\":\"5.0.7\",\"name\":\"版本\",\"status\":\"成功\"},{\"actual\":\"已合\",\"expected\":\"已合\",\"name\":\"DEV_5.0.4是否已合\",\"status\":\"成功\"}]}",
            "channel": "Unknown",
            "packageVersion": "5.0.7",
            "generalTestStatus": 2,
            "signCheck": false,
            "packageSize": 44564984,
            "id": 6460,
            "smokeTestStatus": 0
          },
          "branch": "{\"parameters\":[{\"name\":\"android_branch\",\"value\":\"DEV_5.0.7\"},{\"name\":\"hybrid_branch\",\"value\":\"DEV_5.0.5\"},{\"name\":\"insurance_branch\",\"value\":\"DEV_5.0.5\"},{\"name\":\"fund_branch\",\"value\":\"DEV_5.0.5\"},{\"name\":\"stock_branch\",\"value\":\"DEV_5.0.7\"},{\"name\":\"version\",\"value\":\"5.0.7\"},{\"name\":\"buildType\",\"value\":\"release\"},{\"name\":\"channel\",\"value\":\"lufaxkuaijie\"},{\"name\":\"disable_fabric_upload\",\"value\":true},{\"name\":\"email_recipient\",\"value\":\"\"},{\"name\":\"rebuild_hybrid\",\"value\":true}]}",
          "version": "5.0.7",
          "platform": "android",
          "packageExists": true,
          "generalTestTime": "Wed Dec 20 13:41:05 CST 2017",
          "bu": "主APP",
          "gitInfo": "{\"branchInfo\":{\"revision\":{\"52e4813dc0b92cf0e12359cab5066fa7f29774d3\":{\"gitlabDomain\":\"http://gitlab.lujs.cn/\",\"projectPath\":\"lumi\",\"branchName\":\"origin/master\",\"remoteUrls\":\"git@172.19.14.64:lumi/m-lumi-web.git\",\"projectName\":\"m-lumi-web\"},\"3c45569aaf5de9f7d0df6163b5b67151c3eb3b2d\":{\"gitlabDomain\":\"http://gitlab.lujs.cn/\",\"projectPath\":\"mobile\",\"branchName\":\"origin/DEV_5.0.5\",\"remoteUrls\":\"git@172.19.14.64:mobile/android-insurance.git\",\"projectName\":\"android-insurance\"},\"bb165a2c25ab25b5db7fa080aa8547475a6d4153\":{\"gitlabDomain\":\"http://gitlab.lujs.cn/\",\"projectPath\":\"mobile\",\"branchName\":\"origin/DEV_5.0.7\",\"remoteUrls\":\"git@172.19.14.64:mobile/android.git\",\"projectName\":\"android\"},\"0a0869a2b3cbc2303d9da422a2a1f6184ca8f493\":{\"gitlabDomain\":\"http://gitlab.lujs.cn/\",\"projectPath\":\"mobile\",\"branchName\":\"origin/DEV_5.0.5\",\"remoteUrls\":\"git@172.19.14.64:mobile/android-fund.git\",\"projectName\":\"android-fund\"},\"59310488d99858c20581cd4f415e0aca076cb1b2\":{\"gitlabDomain\":\"http://gitlab.lujs.cn/\",\"projectPath\":\"mobile\",\"branchName\":\"origin/DEV_5.0.5\",\"remoteUrls\":\"git@172.19.14.64:mobile/html5-hybrid.git\",\"projectName\":\"html5-hybrid\"},\"7491613747b196a5d87a78d20834ee525f21fa59\":{\"gitlabDomain\":\"http://gitlab.lujs.cn/\",\"projectPath\":\"mobile\",\"branchName\":\"origin/DEV_5.0.7\",\"remoteUrls\":\"git@172.19.14.64:mobile/android-stock.git\",\"projectName\":\"android-stock\"}}},\"changeSet\":[{\"msg\":\"修复空指针异常\",\"date\":\"2017-12-20 13:12:18\",\"author\":\"yukuai\",\"commitId\":\"0a0869a2b3cbc2303d9da422a2a1f6184ca8f493\",\"revision\":{\"gitlabDomain\":\"http://gitlab.lujs.cn/\",\"projectPath\":\"mobile\",\"branchName\":\"origin/DEV_5.0.5\",\"remoteUrls\":\"git@172.19.14.64:mobile/android-fund.git\",\"projectName\":\"android-fund\"}}]}",
          "createTime": "Wed Dec 20 13:32:02 CST 2017",
          "buildType": "release",
          "generalTest": true,
          "packageName": "lufax_lufaxkuaijie_5.0.7.apk",
          "id": 7679,
          "jobname": "BuildAndroid_package",
          "smokeTest": false
        },
        {
          "packagePath": "/wls/data/packagepool/BuildAndroid_package/1513679043969",
          "app": "陆金所",
          "jobStatus": 1,
          "channel": "lufaxkuaijie",
          "buildId": 1686,
          "during": 338933,
          "jenkinsUrl": "http://lujs.cn/mobile/jenkins/job/BuildAndroid_package/1686/",
          "packageType": "regression",
          "checkResult": {
            "generalTestTime": "Tue Dec 19 18:25:08 CST 2017",
            "packageId": 7631,
            "generalTestInfo": "{\"status\":\"成功\",\"info\":[{\"actual\":\"大小：17.70MB<br>文件夹：229<br>文件：1167\",\"expected\":\"大小：17.00MB<br>文件夹：220<br>文件：1148\",\"name\":\"hybrid\",\"status\":\"成功\"},{\"actual\":\"android\",\"expected\":\"android\",\"name\":\"平台\",\"status\":\"成功\"},{\"actual\":\"5.0.7\",\"expected\":\"5.0.7\",\"name\":\"版本\",\"status\":\"成功\"},{\"actual\":\"已合\",\"expected\":\"已合\",\"name\":\"DEV_5.0.4是否已合\",\"status\":\"成功\"}]}",
            "channel": "Unknown",
            "packageVersion": "5.0.7",
            "generalTestStatus": 2,
            "signCheck": false,
            "packageSize": 44569945,
            "id": 6418,
            "smokeTestStatus": 0
          },
          "branch": "{\"parameters\":[{\"name\":\"android_branch\",\"value\":\"FEA_5.0.5/FEA_5.0.5_APP_6937\"},{\"name\":\"hybrid_branch\",\"value\":\"DEV_5.0.5\"},{\"name\":\"insurance_branch\",\"value\":\"DEV_5.0.5\"},{\"name\":\"fund_branch\",\"value\":\"DEV_5.0.5\"},{\"name\":\"stock_branch\",\"value\":\"DEV_5.0.5\"},{\"name\":\"version\",\"value\":\"5.0.5\"},{\"name\":\"buildType\",\"value\":\"release\"},{\"name\":\"channel\",\"value\":\"lufaxkuaijie\"},{\"name\":\"disable_fabric_upload\",\"value\":true},{\"name\":\"email_recipient\",\"value\":\"\"},{\"name\":\"rebuild_hybrid\",\"value\":true}]}",
          "version": "5.0.7",
          "platform": "android",
          "packageExists": true,
          "generalTestTime": "Tue Dec 19 18:25:08 CST 2017",
          "bu": "主APP",
          "gitInfo": "{\"branchInfo\":{\"revision\":{\"b2eb841e43615aa24b0f12525d9ae330461a1289\":{\"gitlabDomain\":\"http://gitlab.lujs.cn/\",\"projectPath\":\"mobile\",\"branchName\":\"origin/DEV_5.0.5\",\"remoteUrls\":\"git@172.19.14.64:mobile/android-stock.git\",\"projectName\":\"android-stock\"},\"52e4813dc0b92cf0e12359cab5066fa7f29774d3\":{\"gitlabDomain\":\"http://gitlab.lujs.cn/\",\"projectPath\":\"lumi\",\"branchName\":\"origin/master\",\"remoteUrls\":\"git@172.19.14.64:lumi/m-lumi-web.git\",\"projectName\":\"m-lumi-web\"},\"3c45569aaf5de9f7d0df6163b5b67151c3eb3b2d\":{\"gitlabDomain\":\"http://gitlab.lujs.cn/\",\"projectPath\":\"mobile\",\"branchName\":\"origin/DEV_5.0.5\",\"remoteUrls\":\"git@172.19.14.64:mobile/android-insurance.git\",\"projectName\":\"android-insurance\"},\"1d9fd2ce4d2547af0bfdd7b3eab6d5fc4c7c96b9\":{\"gitlabDomain\":\"http://gitlab.lujs.cn/\",\"projectPath\":\"mobile\",\"branchName\":\"refs/remotes/origin/FEA_5.0.5/FEA_5.0.5_APP_6937\",\"remoteUrls\":\"git@172.19.14.64:mobile/android.git\",\"projectName\":\"android\"},\"93de1d3334215fbdf095eb63bc73a622143b1eb9\":{\"gitlabDomain\":\"http://gitlab.lujs.cn/\",\"projectPath\":\"mobile\",\"branchName\":\"origin/DEV_5.0.5\",\"remoteUrls\":\"git@172.19.14.64:mobile/android-fund.git\",\"projectName\":\"android-fund\"},\"59310488d99858c20581cd4f415e0aca076cb1b2\":{\"gitlabDomain\":\"http://gitlab.lujs.cn/\",\"projectPath\":\"mobile\",\"branchName\":\"origin/DEV_5.0.5\",\"remoteUrls\":\"git@172.19.14.64:mobile/html5-hybrid.git\",\"projectName\":\"html5-hybrid\"}}},\"changeSet\":[{\"msg\":\"[FEA_5.0.5/FEA_5.0.5_7242_ASSET]: DEV_5.0.5 app-7242 移动端开具资产证明\",\"date\":\"2017-12-01 14:10:33\",\"author\":\"lizhigang286\",\"commitId\":\"ce2fa196cbd5966f4bf4c2f421c7f1299ecc32b7\",\"revision\":{\"gitlabDomain\":\"http://gitlab.lujs.cn/\",\"projectPath\":\"mobile\",\"branchName\":\"refs/remotes/origin/FEA_5.0.5/FEA_5.0.5_APP_6937\",\"remoteUrls\":\"git@172.19.14.64:mobile/android.git\",\"projectName\":\"android\"}},{\"msg\":\"[FEA_5.0.5/FEA_5.0.5_7242_ASSET]: DEV_5.0.5 app-7242 移动端开具资产证明\",\"date\":\"2017-12-04 10:42:05\",\"author\":\"lizhigang286\",\"commitId\":\"c68f6008210a71f5399b71eac2e6dab209d7fee2\",\"revision\":{\"gitlabDomain\":\"http://gitlab.lujs.cn/\",\"projectPath\":\"mobile\",\"branchName\":\"refs/remotes/origin/FEA_5.0.5/FEA_5.0.5_APP_6937\",\"remoteUrls\":\"git@172.19.14.64:mobile/android.git\",\"projectName\":\"android\"}},{\"msg\":\"[FEA_5.0.5/FEA_5.0.5_7242_ASSET]: DEV_5.0.5 app-7242 移动端开具资产证明\",\"date\":\"2017-12-04 10:50:15\",\"author\":\"lizhigang286\",\"commitId\":\"79fca91df74440e0c15e36d94074ca67198cf335\",\"revision\":{\"gitlabDomain\":\"http://gitlab.lujs.cn/\",\"projectPath\":\"mobile\",\"branchName\":\"refs/remotes/origin/FEA_5.0.5/FEA_5.0.5_APP_6937\",\"remoteUrls\":\"git@172.19.14.64:mobile/android.git\",\"projectName\":\"android\"}},{\"msg\":\"[FEA_5.0.5/FEA_5.0.5_7242_ASSET]: 邮箱认证\",\"date\":\"2017-12-06 18:04:31\",\"author\":\"wangyingpan592\",\"commitId\":\"c72f0888456246717e16e61a9677c396d3189bd8\",\"revision\":{\"gitlabDomain\":\"http://gitlab.lujs.cn/\",\"projectPath\":\"mobile\",\"branchName\":\"refs/remotes/origin/FEA_5.0.5/FEA_5.0.5_APP_6937\",\"remoteUrls\":\"git@172.19.14.64:mobile/android.git\",\"projectName\":\"android\"}},{\"msg\":\"[FEA_5.0.5/FEA_5.0.5_7242_ASSET]: DEV_5.0.5 app-7242 移动端开具资产证明\",\"date\":\"2017-12-11 16:54:39\",\"author\":\"lizhigang286\",\"commitId\":\"80a0045703e66e1ac10c8456f9efd1690323551f\",\"revision\":{\"gitlabDomain\":\"http://gitlab.lujs.cn/\",\"projectPath\":\"mobile\",\"branchName\":\"refs/remotes/origin/FEA_5.0.5/FEA_5.0.5_APP_6937\",\"remoteUrls\":\"git@172.19.14.64:mobile/android.git\",\"projectName\":\"android\"}},{\"msg\":\"[FEA_5.0.5/FEA_5.0.5_7242_ASSET]: DEV_5.0.5 app-7242 移动端开具资产证明\",\"date\":\"2017-12-11 17:46:46\",\"author\":\"lizhigang286\",\"commitId\":\"512271d542cb4a8e9577cd2087fcb3a7b90aa4a9\",\"revision\":{\"gitlabDomain\":\"http://gitlab.lujs.cn/\",\"projectPath\":\"mobile\",\"branchName\":\"refs/remotes/origin/FEA_5.0.5/FEA_5.0.5_APP_6937\",\"remoteUrls\":\"git@172.19.14.64:mobile/android.git\",\"projectName\":\"android\"}},{\"msg\":\"[FEA_5.0.5/FEA_5.0.5_7242_ASSET]: DEV_5.0.5 app-7242 移动端开具资产证明\",\"date\":\"2017-12-12 10:46:27\",\"author\":\"lizhigang286\",\"commitId\":\"00e3717fd2e361cc765a07b3660f2075aae80863\",\"revision\":{\"gitlabDomain\":\"http://gitlab.lujs.cn/\",\"projectPath\":\"mobile\",\"branchName\":\"refs/remotes/origin/FEA_5.0.5/FEA_5.0.5_APP_6937\",\"remoteUrls\":\"git@172.19.14.64:mobile/android.git\",\"projectName\":\"android\"}},{\"msg\":\"update for email verify\",\"date\":\"2017-12-12 14:44:56\",\"author\":\"wangyingpan592\",\"commitId\":\"9e7c0f3ce6129d7b8c88b71563b42a1ecd18e280\",\"revision\":{\"gitlabDomain\":\"http://gitlab.lujs.cn/\",\"projectPath\":\"mobile\",\"branchName\":\"refs/remotes/origin/FEA_5.0.5/FEA_5.0.5_APP_6937\",\"remoteUrls\":\"git@172.19.14.64:mobile/android.git\",\"projectName\":\"android\"}},{\"msg\":\"[FEA_5.0.5/FEA_5.0.5_7242_ASSET]: DEV_5.0.5 移动端资产证明 联调\",\"date\":\"2017-12-12 15:02:47\",\"author\":\"lizhigang286\",\"commitId\":\"3dcf3fcdb436c5f97504bdcd6ccb02a5f860e876\",\"revision\":{\"gitlabDomain\":\"http://gitlab.lujs.cn/\",\"projectPath\":\"mobile\",\"branchName\":\"refs/remotes/origin/FEA_5.0.5/FEA_5.0.5_APP_6937\",\"remoteUrls\":\"git@172.19.14.64:mobile/android.git\",\"projectName\":\"android\"}},{\"msg\":\"[FEA_5.0.5/FEA_5.0.5_7242_ASSET]: DEV_5.0.5 移动端资产证明 联调\",\"date\":\"2017-12-12 15:45:47\",\"author\":\"lizhigang286\",\"commitId\":\"6f5ef9abd6e999ec3ec64aa42624216095245bf3\",\"revision\":{\"gitlabDomain\":\"http://gitlab.lujs.cn/\",\"projectPath\":\"mobile\",\"branchName\":\"refs/remotes/origin/FEA_5.0.5/FEA_5.0.5_APP_6937\",\"remoteUrls\":\"git@172.19.14.64:mobile/android.git\",\"projectName\":\"android\"}},{\"msg\":\"修改color_556677\",\"date\":\"2017-12-13 10:44:57\",\"author\":\"wangyingpan592\",\"commitId\":\"e619a4a6cfab74569e0c66a6120550f63bc68e01\",\"revision\":{\"gitlabDomain\":\"http://gitlab.lujs.cn/\",\"projectPath\":\"mobile\",\"branchName\":\"refs/remotes/origin/FEA_5.0.5/FEA_5.0.5_APP_6937\",\"remoteUrls\":\"git@172.19.14.64:mobile/android.git\",\"projectName\":\"android\"}},{\"msg\":\"[FEA_5.0.5/FEA_5.0.5_7242_ASSET]: DEV_5.0.5 移动端资产证明 联调\",\"date\":\"2017-12-13 10:58:25\",\"author\":\"lizhigang286\",\"commitId\":\"1c168ab1082d8cbd5e28a62c671f86f00b1d7306\",\"revision\":{\"gitlabDomain\":\"http://gitlab.lujs.cn/\",\"projectPath\":\"mobile\",\"branchName\":\"refs/remotes/origin/FEA_5.0.5/FEA_5.0.5_APP_6937\",\"remoteUrls\":\"git@172.19.14.64:mobile/android.git\",\"projectName\":\"android\"}},{\"msg\":\"[FEA_5.0.5/FEA_VIP_RANK]: 四大首页修改isvip的逻辑\",\"date\":\"2017-12-13 15:01:38\",\"author\":\"yinxungong\",\"commitId\":\"cc967cdf86e9f0b9560c2025316eea9362887046\",\"revision\":{\"gitlabDomain\":\"http://gitlab.lujs.cn/\",\"projectPath\":\"mobile\",\"branchName\":\"refs/remotes/origin/FEA_5.0.5/FEA_5.0.5_APP_6937\",\"remoteUrls\":\"git@172.19.14.64:mobile/android.git\",\"projectName\":\"android\"}},{\"msg\":\"修改资产证明ui\",\"date\":\"2017-12-13 15:09:45\",\"author\":\"wangyingpan592\",\"commitId\":\"fdcf8fda0bd441d8ce891dd15151dc0988a91694\",\"revision\":{\"gitlabDomain\":\"http://gitlab.lujs.cn/\",\"projectPath\":\"mobile\",\"branchName\":\"refs/remotes/origin/FEA_5.0.5/FEA_5.0.5_APP_6937\",\"remoteUrls\":\"git@172.19.14.64:mobile/android.git\",\"projectName\":\"android\"}},{\"msg\":\"修复华为手机上布局兼容性问题\",\"date\":\"2017-12-13 16:09:36\",\"author\":\"wangyingpan592\",\"commitId\":\"19258ae41832bf54803e7c013abc0698c12acd98\",\"revision\":{\"gitlabDomain\":\"http://gitlab.lujs.cn/\",\"projectPath\":\"mobile\",\"branchName\":\"refs/remotes/origin/FEA_5.0.5/FEA_5.0.5_APP_6937\",\"remoteUrls\":\"git@172.19.14.64:mobile/android.git\",\"projectName\":\"android\"}},{\"msg\":\"DEV_5.0.5 1:验证码错误或者手势密码错误loading不消失问题\",\"date\":\"2017-12-13 17:27:06\",\"author\":\"lizhigang286\",\"commitId\":\"bcbff7c5ed877c1190dc1ad48adb4b49a7ea2eda\",\"revision\":{\"gitlabDomain\":\"http://gitlab.lujs.cn/\",\"projectPath\":\"mobile\",\"branchName\":\"refs/remotes/origin/FEA_5.0.5/FEA_5.0.5_APP_6937\",\"remoteUrls\":\"git@172.19.14.64:mobile/android.git\",\"projectName\":\"android\"}},{\"msg\":\"[DEV_5.0.5]: v5.0.5 投资流程指纹状态信息获取顺序修改\",\"date\":\"2017-12-13 17:34:42\",\"author\":\"tuwei992\",\"commitId\":\"0b75f0ed4c94f477bf554b7ae17f8f757f684bdc\",\"revision\":{\"gitlabDomain\":\"http://gitlab.lujs.cn/\",\"projectPath\":\"mobile\",\"branchName\":\"refs/remotes/origin/FEA_5.0.5/FEA_5.0.5_APP_6937\",\"remoteUrls\":\"git@172.19.14.64:mobile/android.git\",\"projectName\":\"android\"}},{\"msg\":\"[DEV_5.0.5]: 陆资管改名\",\"date\":\"2017-12-13 18:02:18\",\"author\":\"zhangkai801\",\"commitId\":\"206f8daf9035b36fccf45cd44d2590f11e62e78b\",\"revision\":{\"gitlabDomain\":\"http://gitlab.lujs.cn/\",\"projectPath\":\"mobile\",\"branchName\":\"refs/remotes/origin/FEA_5.0.5/FEA_5.0.5_APP_6937\",\"remoteUrls\":\"git@172.19.14.64:mobile/android.git\",\"projectName\":\"android\"}},{\"msg\":\"增加注销处理\",\"date\":\"2017-12-13 18:17:47\",\"author\":\"dinggang\",\"commitId\":\"b3dd7dd6023de02ec5423985458e322d72ceb0e4\",\"revision\":{\"gitlabDomain\":\"http://gitlab.lujs.cn/\",\"projectPath\":\"mobile\",\"branchName\":\"refs/remotes/origin/FEA_5.0.5/FEA_5.0.5_APP_6937\",\"remoteUrls\":\"git@172.19.14.64:mobile/android.git\",\"projectName\":\"android\"}},{\"msg\":\"修改投顾视频页面 back 逻辑\",\"date\":\"2017-12-13 18:23:07\",\"author\":\"wangyingpan592\",\"commitId\":\"2bcec889b25bdc281d60e0f41e7ed30e60ee8a5c\",\"revision\":{\"gitlabDomain\":\"http://gitlab.lujs.cn/\",\"projectPath\":\"mobile\",\"branchName\":\"refs/remotes/origin/FEA_5.0.5/FEA_5.0.5_APP_6937\",\"remoteUrls\":\"git@172.19.14.64:mobile/android.git\",\"projectName\":\"android\"}},{\"msg\":\"[DEV_5.0.5]: 修改缓存bug\",\"date\":\"2017-12-13 18:24:01\",\"author\":\"dtliu\",\"commitId\":\"8b941cf344701140dd3c2e47fde4c8621d3385e0\",\"revision\":{\"gitlabDomain\":\"http://gitlab.lujs.cn/\",\"projectPath\":\"mobile\",\"branchName\":\"refs/remotes/origin/FEA_5.0.5/FEA_5.0.5_APP_6937\",\"remoteUrls\":\"git@172.19.14.64:mobile/android.git\",\"projectName\":\"android\"}},{\"msg\":\"修改视频投顾列表back逻辑\",\"date\":\"2017-12-14 09:37:02\",\"author\":\"wangyingpan592\",\"commitId\":\"fa492c98e5717ef96bb5348d85a799135bd407da\",\"revision\":{\"gitlabDomain\":\"http://gitlab.lujs.cn/\",\"projectPath\":\"mobile\",\"branchName\":\"refs/remotes/origin/FEA_5.0.5/FEA_5.0.5_APP_6937\",\"remoteUrls\":\"git@172.19.14.64:mobile/android.git\",\"projectName\":\"android\"}},{\"msg\":\"视频投顾日志上传BE，增加判断条件：非debug包才上传\",\"date\":\"2017-12-14 09:55:06\",\"author\":\"wangyingpan592\",\"commitId\":\"37995a43b7cf5f2422e00285d39a0f5759e482f8\",\"revision\":{\"gitlabDomain\":\"http://gitlab.lujs.cn/\",\"projectPath\":\"mobile\",\"branchName\":\"refs/remotes/origin/FEA_5.0.5/FEA_5.0.5_APP_6937\",\"remoteUrls\":\"git@172.19.14.64:mobile/android.git\",\"projectName\":\"android\"}},{\"msg\":\"修改持有中推荐理由\",\"date\":\"2017-12-14 10:53:00\",\"author\":\"wangyingpan592\",\"commitId\":\"e6bcaffe03c35835513046a31c32712e38b16c53\",\"revision\":{\"gitlabDomain\":\"http://gitlab.lujs.cn/\",\"projectPath\":\"mobile\",\"branchName\":\"refs/remotes/origin/FEA_5.0.5/FEA_5.0.5_APP_6937\",\"remoteUrls\":\"git@172.19.14.64:mobile/android.git\",\"projectName\":\"android\"}},{\"msg\":\"[DEV_5.0.5]: v5.0.5 投资结果页老邀老弹框逻辑修改\",\"date\":\"2017-12-14 11:31:58\",\"author\":\"tuwei992\",\"commitId\":\"61887af8887a4c1e3e045d8f3c180a1ee8fa5109\",\"revision\":{\"gitlabDomain\":\"http://gitlab.lujs.cn/\",\"projectPath\":\"mobile\",\"branchName\":\"refs/remotes/origin/FEA_5.0.5/FEA_5.0.5_APP_6937\",\"remoteUrls\":\"git@172.19.14.64:mobile/android.git\",\"projectName\":\"android\"}},{\"msg\":\"[DEV_5.0.5]: 首页视觉修改\",\"date\":\"2017-12-14 15:19:51\",\"author\":\"yinxungong\",\"commitId\":\"4763a732cd5975b58a0521c8ee0ba679e8f4abf1\",\"revision\":{\"gitlabDomain\":\"http://gitlab.lujs.cn/\",\"projectPath\":\"mobile\",\"branchName\":\"refs/remotes/origin/FEA_5.0.5/FEA_5.0.5_APP_6937\",\"remoteUrls\":\"git@172.19.14.64:mobile/android.git\",\"projectName\":\"android\"}},{\"msg\":\"视频投顾UI调整\",\"date\":\"2017-12-14 15:38:35\",\"author\":\"wangyingpan592\",\"commitId\":\"c3c4deee5c30962cd7a0dfe7960ec152e33d39cd\",\"revision\":{\"gitlabDomain\":\"http://gitlab.lujs.cn/\",\"projectPath\":\"mobile\",\"branchName\":\"refs/remotes/origin/FEA_5.0.5/FEA_5.0.5_APP_6937\",\"remoteUrls\":\"git@172.19.14.64:mobile/android.git\",\"projectName\":\"android\"}},{\"msg\":\"[DEV_5.0.5]: 白屏检测噪点标识上报\",\"date\":\"2017-12-14 16:24:02\",\"author\":\"yinxungong\",\"commitId\":\"d0a95451a777ecad950b518a642b48cab0780207\",\"revision\":{\"gitlabDomain\":\"http://gitlab.lujs.cn/\",\"projectPath\":\"mobile\",\"branchName\":\"refs/remotes/origin/FEA_5.0.5/FEA_5.0.5_APP_6937\",\"remoteUrls\":\"git@172.19.14.64:mobile/android.git\",\"projectName\":\"android\"}},{\"msg\":\"[DEV_5.0.5]: 编译报错\",\"date\":\"2017-12-14 17:15:08\",\"author\":\"yinxungong\",\"commitId\":\"fc1d440a7a6f436799d2f3a223906b582e7a057a\",\"revision\":{\"gitlabDomain\":\"http://gitlab.lujs.cn/\",\"projectPath\":\"mobile\",\"branchName\":\"refs/remotes/origin/FEA_5.0.5/FEA_5.0.5_APP_6937\",\"remoteUrls\":\"git@172.19.14.64:mobile/android.git\",\"projectName\":\"android\"}},{\"msg\":\"修改开具资产证明bug\",\"date\":\"2017-12-14 17:57:51\",\"author\":\"wangyingpan592\",\"commitId\":\"3a02e75a8e9e2fc6f4bcc1a6bc1782bd17a3969b\",\"revision\":{\"gitlabDomain\":\"http://gitlab.lujs.cn/\",\"projectPath\":\"mobile\",\"branchName\":\"refs/remotes/origin/FEA_5.0.5/FEA_5.0.5_APP_6937\",\"remoteUrls\":\"git@172.19.14.64:mobile/android.git\",\"projectName\":\"android\"}},{\"msg\":\"修改跳转第三方APP的弹窗样式，文案和复选框改为居中\",\"date\":\"2017-12-14 18:14:42\",\"author\":\"wangyingpan592\",\"commitId\":\"f84820d09fef88242d4ca48a466f31295cd6a61d\",\"revision\":{\"gitlabDomain\":\"http://gitlab.lujs.cn/\",\"projectPath\":\"mobile\",\"branchName\":\"refs/remotes/origin/FEA_5.0.5/FEA_5.0.5_APP_6937\",\"remoteUrls\":\"git@172.19.14.64:mobile/android.git\",\"projectName\":\"android\"}},{\"msg\":\"[DEV_5.0.7]: 507 版本号改为507\",\"date\":\"2017-12-15 15:36:45\",\"author\":\"huangchunming144\",\"commitId\":\"72a1bad9c9752c2fa51546152b28ca360f208f59\",\"revision\":{\"gitlabDomain\":\"http://gitlab.lujs.cn/\",\"projectPath\":\"mobile\",\"branchName\":\"refs/remotes/origin/FEA_5.0.5/FEA_5.0.5_APP_6937\",\"remoteUrls\":\"git@172.19.14.64:mobile/android.git\",\"projectName\":\"android\"}},{\"msg\":\"通讯录写入sqllite加入批量操作\",\"date\":\"2017-12-15 17:36:31\",\"author\":\"liuxingwang\",\"commitId\":\"f367fc29ae6c0b1fa67d18aa2b15f377b085ef0f\",\"revision\":{\"gitlabDomain\":\"http://gitlab.lujs.cn/\",\"projectPath\":\"mobile\",\"branchName\":\"refs/remotes/origin/FEA_5.0.5/FEA_5.0.5_APP_6937\",\"remoteUrls\":\"git@172.19.14.64:mobile/android.git\",\"projectName\":\"android\"}},{\"msg\":\"通讯录获取全拼等修改，放弃pinyin4j\",\"date\":\"2017-12-15 19:05:59\",\"author\":\"liuxingwang\",\"commitId\":\"1ca84f146edf44a0051d9131e9c5456d707b0f22\",\"revision\":{\"gitlabDomain\":\"http://gitlab.lujs.cn/\",\"projectPath\":\"mobile\",\"branchName\":\"refs/remotes/origin/FEA_5.0.5/FEA_5.0.5_APP_6937\",\"remoteUrls\":\"git@172.19.14.64:mobile/android.git\",\"projectName\":\"android\"}},{\"msg\":\"改回pingyin4j，新方法只支持GB2312  7000多汉字，pingyin4j全部支持\",\"date\":\"2017-12-18 10:25:52\",\"author\":\"liuxingwang\",\"commitId\":\"f4b8c546513c08d800d10aa251aab373c967ab07\",\"revision\":{\"gitlabDomain\":\"http://gitlab.lujs.cn/\",\"projectPath\":\"mobile\",\"branchName\":\"refs/remotes/origin/FEA_5.0.5/FEA_5.0.5_APP_6937\",\"remoteUrls\":\"git@172.19.14.64:mobile/android.git\",\"projectName\":\"android\"}},{\"msg\":\"新增号码是否存在于通讯录task\",\"date\":\"2017-12-19 18:13:32\",\"author\":\"liuxingwang\",\"commitId\":\"1d9fd2ce4d2547af0bfdd7b3eab6d5fc4c7c96b9\",\"revision\":{\"gitlabDomain\":\"http://gitlab.lujs.cn/\",\"projectPath\":\"mobile\",\"branchName\":\"refs/remotes/origin/FEA_5.0.5/FEA_5.0.5_APP_6937\",\"remoteUrls\":\"git@172.19.14.64:mobile/android.git\",\"projectName\":\"android\"}}]}",
          "createTime": "Tue Dec 19 18:18:04 CST 2017",
          "buildType": "release",
          "generalTest": true,
          "packageName": "lufax_lufaxkuaijie_5.0.7.apk",
          "id": 7631,
          "jobname": "BuildAndroid_package",
          "smokeTest": false
        },
        {
          "packagePath": "/wls/data/packagepool/BuildAndroid_package/1513327922133",
          "app": "陆金所",
          "jobStatus": 1,
          "channel": "lufaxkuaijie",
          "buildId": 1666,
          "during": 441896,
          "jenkinsUrl": "http://lujs.cn/mobile/jenkins/job/BuildAndroid_package/1666/",
          "packageType": "regression",
          "checkResult": {
            "generalTestTime": "Fri Dec 15 16:53:10 CST 2017",
            "packageId": 7507,
            "generalTestInfo": "{\"status\":\"成功\",\"info\":[{\"actual\":\"大小：17.70MB<br>文件夹：229<br>文件：1167\",\"expected\":\"大小：17.00MB<br>文件夹：220<br>文件：1148\",\"name\":\"hybrid\",\"status\":\"成功\"},{\"actual\":\"android\",\"expected\":\"android\",\"name\":\"平台\",\"status\":\"成功\"},{\"actual\":\"5.0.7\",\"expected\":\"5.0.7\",\"name\":\"版本\",\"status\":\"成功\"},{\"actual\":\"已合\",\"expected\":\"已合\",\"name\":\"DEV_5.0.4是否已合\",\"status\":\"成功\"}]}",
            "channel": "Unknown",
            "packageVersion": "5.0.7",
            "generalTestStatus": 2,
            "signCheck": false,
            "packageSize": 44547228,
            "id": 6295,
            "smokeTestStatus": 0
          },
          "branch": "{\"parameters\":[{\"name\":\"android_branch\",\"value\":\"FEA_5.0.7/ARC_Framework\"},{\"name\":\"hybrid_branch\",\"value\":\"DEV_5.0.5\"},{\"name\":\"insurance_branch\",\"value\":\"DEV_5.0.5\"},{\"name\":\"fund_branch\",\"value\":\"DEV_5.0.5\"},{\"name\":\"stock_branch\",\"value\":\"DEV_5.0.5\"},{\"name\":\"version\",\"value\":\"5.0.5\"},{\"name\":\"buildType\",\"value\":\"release\"},{\"name\":\"channel\",\"value\":\"lufaxkuaijie\"},{\"name\":\"disable_fabric_upload\",\"value\":true},{\"name\":\"email_recipient\",\"value\":\"yukuai999\"},{\"name\":\"rebuild_hybrid\",\"value\":true}]}",
          "version": "5.0.7",
          "platform": "android",
          "packageExists": true,
          "generalTestTime": "Fri Dec 15 16:53:10 CST 2017",
          "bu": "主APP",
          "gitInfo": "{\"branchInfo\":{\"revision\":{\"52e4813dc0b92cf0e12359cab5066fa7f29774d3\":{\"gitlabDomain\":\"http://gitlab.lujs.cn/\",\"projectPath\":\"lumi\",\"branchName\":\"origin/master\",\"remoteUrls\":\"git@172.19.14.64:lumi/m-lumi-web.git\",\"projectName\":\"m-lumi-web\"},\"3c45569aaf5de9f7d0df6163b5b67151c3eb3b2d\":{\"gitlabDomain\":\"http://gitlab.lujs.cn/\",\"projectPath\":\"mobile\",\"branchName\":\"origin/DEV_5.0.5\",\"remoteUrls\":\"git@172.19.14.64:mobile/android-insurance.git\",\"projectName\":\"android-insurance\"},\"76316763221a7498b1af6aedd3711d19888422e0\":{\"gitlabDomain\":\"http://gitlab.lujs.cn/\",\"projectPath\":\"mobile\",\"branchName\":\"origin/DEV_5.0.5\",\"remoteUrls\":\"git@172.19.14.64:mobile/android-fund.git\",\"projectName\":\"android-fund\"},\"2f37662ca6addc418315a2c5ebadbfd32b6a1961\":{\"gitlabDomain\":\"http://gitlab.lujs.cn/\",\"projectPath\":\"mobile\",\"branchName\":\"refs/remotes/origin/FEA_5.0.7/ARC_Framework\",\"remoteUrls\":\"git@172.19.14.64:mobile/android.git\",\"projectName\":\"android\"},\"3640314e44b12a6296d7749f492967487b77a87d\":{\"gitlabDomain\":\"http://gitlab.lujs.cn/\",\"projectPath\":\"mobile\",\"branchName\":\"origin/DEV_5.0.5\",\"remoteUrls\":\"git@172.19.14.64:mobile/android-stock.git\",\"projectName\":\"android-stock\"},\"59310488d99858c20581cd4f415e0aca076cb1b2\":{\"gitlabDomain\":\"http://gitlab.lujs.cn/\",\"projectPath\":\"mobile\",\"branchName\":\"origin/DEV_5.0.5\",\"remoteUrls\":\"git@172.19.14.64:mobile/html5-hybrid.git\",\"projectName\":\"html5-hybrid\"}}},\"changeSet\":[]}",
          "createTime": "Fri Dec 15 16:44:17 CST 2017",
          "buildType": "release",
          "generalTest": true,
          "packageName": "lufax_lufaxkuaijie_5.0.7.apk",
          "id": 7507,
          "jobname": "BuildAndroid_package",
          "smokeTest": false
        }
      ],
      "duringMap": {
        "7507": "7分21秒",
        "7631": "5分38秒",
        "7679": "7分15秒",
        "7685": "5分39秒",
        "7718": "7分28秒"
      },
      "typeStyleMap": {
        "7507": "success",
        "7631": "success",
        "7679": "success",
        "7685": "success",
        "7718": "success"
      },
      "isIOS": false,
      "typeNameMap": {
        "7507": "特殊包",
        "7631": "特殊包",
        "7679": "特殊包",
        "7685": "特殊包",
        "7718": "特殊包"
      }
    },
    "params": {
      "app": "陆金所",
      "endDate": "2017-12-22",
      "type": "release",
      "version": "5.0.7",
      "platform": "android",
      "beginDate": "2017-12-16",
      "bu": "主APP",
      "platformList": [
        {
          "code": "ios"
        },
        {
          "code": "android"
        }
      ],
      "typeList": ["release", "release2"],
      "build": "all",
      "appList": ["陆金所1", "陆金所"],
      "buildList": [],
      "versionList": [
        "5.0.7",
        "5.0.5",
        "5.0.4",
        "5.0.3.1",
        "5.0.3"
      ],
      "buList": ["主APP", "主APP1"]
    }
  }
}
